period,org_code,org_name,type1_attendances,within_4h_type1,four_hour_pct_type1,wait_12plus_dta
2025-11-01,RF4,"BARKING, HAVERING AND REDBRIDGE UNIVERSITY HOSPITALS NHS TRUST",13220,5312,40.2,829
2025-11-01,RVW,NORTH TEES AND HARTLEPOOL NHS FOUNDATION TRUST,5042,2107,41.8,29
2025-11-01,RWA,HULL UNIVERSITY TEACHING HOSPITALS NHS TRUST,9961,4239,42.6,534
2025-11-01,RX1,NOTTINGHAM UNIVERSITY HOSPITALS NHS TRUST,13016,5565,42.8,495
2025-11-01,RAX,KINGSTON AND RICHMOND NHS FOUNDATION TRUST,7192,3097,43.1,362
2025-11-01,RJL,NORTHERN LINCOLNSHIRE AND GOOLE NHS FOUNDATION TRUST,9695,4194,43.3,857
2025-11-01,RJE,UNIVERSITY HOSPITALS OF NORTH MIDLANDS NHS TRUST,14698,6679,45.4,1093
2025-11-01,RXW,THE SHREWSBURY AND TELFORD HOSPITAL NHS TRUST,10683,4857,45.5,1454
2025-11-01,RK9,UNIVERSITY HOSPITALS PLYMOUTH NHS TRUST,8763,4073,46.5,373
2025-11-01,RFS,CHESTERFIELD ROYAL HOSPITAL NHS FOUNDATION TRUST,6370,2966,46.6,325
2025-11-01,RMC,BOLTON NHS FOUNDATION TRUST,8768,4133,47.1,395
2025-11-01,RNN,NORTH CUMBRIA INTEGRATED CARE NHS FOUNDATION TRUST,8819,4255,48.2,432
2025-11-01,RBT,MID CHESHIRE HOSPITALS NHS FOUNDATION TRUST,7319,3558,48.6,569
2025-11-01,RJN,EAST CHESHIRE NHS TRUST,4516,2215,49.0,549
2025-11-01,RWP,WORCESTERSHIRE ACUTE HOSPITALS NHS TRUST,13836,6790,49.1,1083
2025-11-01,RTR,SOUTH TEES HOSPITALS NHS FOUNDATION TRUST,7413,3652,49.3,24
2025-11-01,RH5,SOMERSET NHS FOUNDATION TRUST,11913,5922,49.7,87
2025-11-01,R1K,LONDON NORTH WEST UNIVERSITY HEALTHCARE NHS TRUST,13768,6857,49.8,667
2025-11-01,RBL,WIRRAL UNIVERSITY TEACHING HOSPITAL NHS FOUNDATION TRUST,8090,4040,49.9,875
2025-11-01,RHQ,SHEFFIELD TEACHING HOSPITALS NHS FOUNDATION TRUST,8870,4445,50.1,9
2025-11-01,RWW,WARRINGTON AND HALTON TEACHING HOSPITALS NHS FOUNDATION TRUST,6989,3545,50.7,922
2025-11-01,RXL,BLACKPOOL TEACHING HOSPITALS NHS FOUNDATION TRUST,8917,4527,50.8,404
2025-11-01,RCB,YORK AND SCARBOROUGH TEACHING HOSPITALS NHS FOUNDATION TRUST,11171,5698,51.0,306
2025-11-01,RWH,EAST AND NORTH HERTFORDSHIRE TEACHING NHS TRUST,9292,4754,51.2,185
2025-11-01,RJR,COUNTESS OF CHESTER HOSPITAL NHS FOUNDATION TRUST,5805,2976,51.3,613
2025-11-01,R0B,SOUTH TYNESIDE AND SUNDERLAND NHS FOUNDATION TRUST,11736,6021,51.3,2
2025-11-01,RMP,TAMESIDE AND GLOSSOP INTEGRATED CARE NHS FOUNDATION TRUST,8397,4344,51.7,655
2025-11-01,REM,LIVERPOOL UNIVERSITY HOSPITALS NHS FOUNDATION TRUST,16331,8461,51.8,1040
2025-11-01,RN3,GREAT WESTERN HOSPITALS NHS FOUNDATION TRUST,6143,3196,52.0,326
2025-11-01,RAS,THE HILLINGDON HOSPITALS NHS FOUNDATION TRUST,5129,2670,52.1,37
2025-11-01,RXK,SANDWELL AND WEST BIRMINGHAM HOSPITALS NHS TRUST,11914,6262,52.6,386
2025-11-01,RXC,EAST SUSSEX HEALTHCARE NHS TRUST,8986,4820,53.6,101
2025-11-01,RDE,EAST SUFFOLK AND NORTH ESSEX NHS FOUNDATION TRUST,10929,5875,53.8,461
2025-11-01,RTK,ASHFORD AND ST PETER'S HOSPITALS NHS FOUNDATION TRUST,7533,4078,54.1,325
2025-11-01,RA9,TORBAY AND SOUTH DEVON NHS FOUNDATION TRUST,6663,3624,54.4,42
2025-11-01,RJ2,LEWISHAM AND GREENWICH NHS TRUST,16440,8971,54.6,506
2025-11-01,R1H,BARTS HEALTH NHS TRUST,26111,14363,55.0,1000
2025-11-01,RD8,MILTON KEYNES UNIVERSITY HOSPITAL NHS FOUNDATION TRUST,8182,4512,55.1,0
2025-11-01,RRF,"WRIGHTINGTON, WIGAN AND LEIGH NHS FOUNDATION TRUST",8206,4525,55.1,466
2025-11-01,RTG,UNIVERSITY HOSPITALS OF DERBY AND BURTON NHS FOUNDATION TRUST,21369,11783,55.1,1160
2025-11-01,RK5,SHERWOOD FOREST HOSPITALS NHS FOUNDATION TRUST,10617,5859,55.2,484
2025-11-01,RXQ,BUCKINGHAMSHIRE HEALTHCARE NHS TRUST,9743,5416,55.6,268
2025-11-01,REF,ROYAL CORNWALL HOSPITALS NHS TRUST,6339,3547,56.0,599
2025-11-01,RKB,UNIVERSITY HOSPITALS COVENTRY AND WARWICKSHIRE NHS TRUST,12703,7115,56.0,17
2025-11-01,R0D,UNIVERSITY HOSPITALS DORSET NHS FOUNDATION TRUST,14479,8189,56.6,324
2025-11-01,RN5,HAMPSHIRE HOSPITALS NHS FOUNDATION TRUST,10970,6249,57.0,6
2025-11-01,RXP,COUNTY DURHAM AND DARLINGTON NHS FOUNDATION TRUST,13118,7479,57.0,46
2025-11-01,RTX,UNIVERSITY HOSPITALS OF MORECAMBE BAY NHS FOUNDATION TRUST,9070,5176,57.1,551
2025-11-01,RH8,ROYAL DEVON UNIVERSITY HEALTHCARE NHS FOUNDATION TRUST,12523,7149,57.1,207
2025-11-01,RD1,ROYAL UNITED HOSPITALS BATH NHS FOUNDATION TRUST,8866,5116,57.7,155
2025-11-01,RTP,SURREY AND SUSSEX HEALTHCARE NHS TRUST,10560,6092,57.7,702
2025-11-01,RJZ,KING'S COLLEGE HOSPITAL NHS FOUNDATION TRUST,16021,9269,57.9,811
2025-11-01,RVV,EAST KENT HOSPITALS UNIVERSITY NHS FOUNDATION TRUST,13224,7654,57.9,1105
2025-11-01,RCX,"THE QUEEN ELIZABETH HOSPITAL, KING'S LYNN, NHS FOUNDATION TRUST",6395,3714,58.1,229
2025-11-01,RM3,NORTHERN CARE ALLIANCE NHS FOUNDATION TRUST,26810,15645,58.4,1068
2025-11-01,RDU,FRIMLEY HEALTH NHS FOUNDATION TRUST,22861,13402,58.6,427
2025-11-01,RTD,THE NEWCASTLE UPON TYNE HOSPITALS NHS FOUNDATION TRUST,13567,8006,59.0,48
2025-11-01,RGT,CAMBRIDGE UNIVERSITY HOSPITALS NHS FOUNDATION TRUST,11116,6572,59.1,491
2025-11-01,RCF,AIREDALE NHS FOUNDATION TRUST,6085,3605,59.2,223
2025-11-01,RWE,UNIVERSITY HOSPITALS OF LEICESTER NHS TRUST,22973,13636,59.4,716
2025-11-01,RRK,UNIVERSITY HOSPITALS BIRMINGHAM NHS FOUNDATION TRUST,35573,21182,59.5,1702
2025-11-01,RR8,LEEDS TEACHING HOSPITALS NHS TRUST,18631,11133,59.8,707
2025-11-01,RHM,UNIVERSITY HOSPITAL SOUTHAMPTON NHS FOUNDATION TRUST,12376,7469,60.4,12
2025-11-01,RWJ,STOCKPORT NHS FOUNDATION TRUST,8127,4940,60.8,445
2025-11-01,R0A,MANCHESTER UNIVERSITY NHS FOUNDATION TRUST,27251,16564,60.8,101
2025-11-01,RYJ,IMPERIAL COLLEGE HEALTHCARE NHS TRUST,12110,7367,60.8,0
2025-11-01,RBN,MERSEY AND WEST LANCASHIRE TEACHING HOSPITALS NHS TRUST,17705,10759,60.8,471
2025-11-01,RGN,NORTH WEST ANGLIA NHS FOUNDATION TRUST,14820,9024,60.9,862
2025-11-01,RWD,UNITED LINCOLNSHIRE TEACHING HOSPITALS NHS TRUST,16510,10077,61.0,932
2025-11-01,RHU,PORTSMOUTH HOSPITALS UNIVERSITY NHS TRUST,11135,6836,61.4,1284
2025-11-01,RXF,MID YORKSHIRE TEACHING NHS TRUST,16746,10300,61.5,332
2025-11-01,RC9,BEDFORDSHIRE HOSPITALS NHS FOUNDATION TRUST,17038,10483,61.5,13
2025-11-01,RNS,NORTHAMPTON GENERAL HOSPITAL NHS TRUST,10425,6425,61.6,669
2025-11-01,RAJ,MID AND SOUTH ESSEX NHS FOUNDATION TRUST,27777,17260,62.1,869
2025-11-01,RP5,DONCASTER AND BASSETLAW TEACHING HOSPITALS NHS FOUNDATION TRUST,13650,8495,62.2,197
2025-11-01,RR7,GATESHEAD HEALTH NHS FOUNDATION TRUST,6112,3799,62.2,6
2025-11-01,RYR,UNIVERSITY HOSPITALS SUSSEX NHS FOUNDATION TRUST,27121,16897,62.3,804
2025-11-01,RBK,WALSALL HEALTHCARE NHS TRUST,9935,6212,62.5,545
2025-11-01,RL4,THE ROYAL WOLVERHAMPTON NHS TRUST,11537,7212,62.5,620
2025-11-01,RLQ,WYE VALLEY NHS TRUST,5849,3661,62.6,178
2025-11-01,RA7,UNIVERSITY HOSPITALS BRISTOL AND WESTON NHS FOUNDATION TRUST,16630,10434,62.7,243
2025-11-01,RXN,LANCASHIRE TEACHING HOSPITALS NHS FOUNDATION TRUST,12364,7813,63.2,471
2025-11-01,RTE,GLOUCESTERSHIRE HOSPITALS NHS FOUNDATION TRUST,13199,8395,63.6,389
2025-11-01,R1F,ISLE OF WIGHT NHS TRUST,4230,2691,63.6,151
2025-11-01,RNZ,SALISBURY NHS FOUNDATION TRUST,4555,2917,64.0,54
2025-11-01,RNQ,KETTERING GENERAL HOSPITAL NHS FOUNDATION TRUST,10226,6543,64.0,553
2025-11-01,RCD,HARROGATE AND DISTRICT NHS FOUNDATION TRUST,5283,3389,64.1,4
2025-11-01,RNA,THE DUDLEY GROUP NHS FOUNDATION TRUST,9954,6393,64.2,155
2025-11-01,RPA,MEDWAY NHS FOUNDATION TRUST,9523,6132,64.4,591
2025-11-01,RBD,DORSET COUNTY HOSPITAL NHS FOUNDATION TRUST,4321,2781,64.4,61
2025-11-01,RJ6,CROYDON HEALTH SERVICES NHS TRUST,13347,8617,64.6,713
2025-11-01,RAL,ROYAL FREE LONDON NHS FOUNDATION TRUST,27198,17967,66.1,2065
2025-11-01,RVJ,NORTH BRISTOL NHS TRUST,9172,6097,66.5,366
2025-11-01,RXR,EAST LANCASHIRE HOSPITALS NHS TRUST,14006,9357,66.8,1284
2025-11-01,RTH,OXFORD UNIVERSITY HOSPITALS NHS FOUNDATION TRUST,12395,8303,67.0,1
2025-11-01,RVR,EPSOM AND ST HELIER UNIVERSITY HOSPITALS NHS TRUST,11357,7744,68.2,712
2025-11-01,RHW,ROYAL BERKSHIRE NHS FOUNDATION TRUST,11173,7676,68.7,7
2025-11-01,RA2,ROYAL SURREY NHS FOUNDATION TRUST,6753,4643,68.8,20
2025-11-01,RJ1,GUY'S AND ST THOMAS' NHS FOUNDATION TRUST,10659,7349,68.9,76
2025-11-01,RM1,NORFOLK AND NORWICH UNIVERSITY HOSPITALS NHS FOUNDATION TRUST,12411,8566,69.0,236
2025-11-01,RGP,JAMES PAGET UNIVERSITY HOSPITALS NHS FOUNDATION TRUST,6933,4789,69.1,342
2025-11-01,RRV,UNIVERSITY COLLEGE LONDON HOSPITALS NHS FOUNDATION TRUST,13781,9560,69.4,292
2025-11-01,RWG,WEST HERTFORDSHIRE TEACHING HOSPITALS NHS TRUST,8802,6141,69.8,18
2025-11-01,RFR,THE ROTHERHAM NHS FOUNDATION TRUST,9394,6616,70.4,0
2025-11-01,RQW,THE PRINCESS ALEXANDRA HOSPITAL NHS TRUST,7743,5578,72.0,314
2025-11-01,RJ7,ST GEORGE'S UNIVERSITY HOSPITALS NHS FOUNDATION TRUST,8963,6470,72.2,625
2025-11-01,RQM,CHELSEA AND WESTMINSTER HOSPITAL NHS FOUNDATION TRUST,20633,14915,72.3,59
2025-11-01,RKE,WHITTINGTON HEALTH NHS TRUST,9340,6760,72.4,317
2025-11-01,RFF,BARNSLEY HOSPITAL NHS FOUNDATION TRUST,9445,6845,72.5,4
2025-11-01,RGR,WEST SUFFOLK NHS FOUNDATION TRUST,7786,5653,72.6,229
2025-11-01,RJC,SOUTH WARWICKSHIRE UNIVERSITY NHS FOUNDATION TRUST,8530,6269,73.5,64
2025-11-01,RQ3,BIRMINGHAM WOMEN'S AND CHILDREN'S NHS FOUNDATION TRUST,5568,4104,73.7,0
2025-11-01,RAE,BRADFORD TEACHING HOSPITALS NHS FOUNDATION TRUST,9942,7360,74.0,70
2025-11-01,RN7,DARTFORD AND GRAVESHAM NHS TRUST,11842,8773,74.1,249
2025-11-01,RLT,GEORGE ELIOT HOSPITAL NHS TRUST,7200,5337,74.1,417
2025-11-01,RTF,NORTHUMBRIA HEALTHCARE NHS FOUNDATION TRUST,10619,8042,75.7,0
2025-11-01,RWF,MAIDSTONE AND TUNBRIDGE WELLS NHS TRUST,18346,14431,78.7,247
2025-11-01,RWY,CALDERDALE AND HUDDERSFIELD NHS FOUNDATION TRUST,16724,13641,81.6,20
2025-11-01,RQX,HOMERTON HEALTHCARE NHS FOUNDATION TRUST,11300,9410,83.3,25
2025-11-01,RBS,ALDER HEY CHILDREN'S NHS FOUNDATION TRUST,6725,5644,83.9,0
2025-11-01,RCU,SHEFFIELD CHILDREN'S NHS FOUNDATION TRUST,4998,4312,86.3,0
2025-12-01,RX1,NOTTINGHAM UNIVERSITY HOSPITALS NHS TRUST,12838,4912,38.3,578
2025-12-01,RJL,NORTHERN LINCOLNSHIRE AND GOOLE NHS FOUNDATION TRUST,9775,4038,41.3,871
2025-12-01,RK9,UNIVERSITY HOSPITALS PLYMOUTH NHS TRUST,8876,3819,43.0,441
2025-12-01,RXW,THE SHREWSBURY AND TELFORD HOSPITAL NHS TRUST,10764,4715,43.8,1429
2025-12-01,RBL,WIRRAL UNIVERSITY TEACHING HOSPITAL NHS FOUNDATION TRUST,7893,3479,44.1,897
2025-12-01,RJE,UNIVERSITY HOSPITALS OF NORTH MIDLANDS NHS TRUST,14115,6304,44.7,1035
2025-12-01,RAX,KINGSTON AND RICHMOND NHS FOUNDATION TRUST,7217,3253,45.1,498
2025-12-01,RAS,THE HILLINGDON HOSPITALS NHS FOUNDATION TRUST,5634,2584,45.9,32
2025-12-01,RWW,WARRINGTON AND HALTON TEACHING HOSPITALS NHS FOUNDATION TRUST,6918,3246,46.9,772
2025-12-01,RWP,WORCESTERSHIRE ACUTE HOSPITALS NHS TRUST,13727,6466,47.1,1035
2025-12-01,RWA,HULL UNIVERSITY TEACHING HOSPITALS NHS TRUST,10230,4822,47.1,635
2025-12-01,RVW,NORTH TEES AND HARTLEPOOL NHS FOUNDATION TRUST,5187,2461,47.4,33
2025-12-01,RBT,MID CHESHIRE HOSPITALS NHS FOUNDATION TRUST,6779,3224,47.6,551
2025-12-01,RHQ,SHEFFIELD TEACHING HOSPITALS NHS FOUNDATION TRUST,9074,4372,48.2,5
2025-12-01,RWH,EAST AND NORTH HERTFORDSHIRE TEACHING NHS TRUST,9346,4528,48.4,225
2025-12-01,R1K,LONDON NORTH WEST UNIVERSITY HEALTHCARE NHS TRUST,13918,6746,48.5,673
2025-12-01,RCB,YORK AND SCARBOROUGH TEACHING HOSPITALS NHS FOUNDATION TRUST,11321,5502,48.6,759
2025-12-01,RMC,BOLTON NHS FOUNDATION TRUST,8610,4182,48.6,440
2025-12-01,RMP,TAMESIDE AND GLOSSOP INTEGRATED CARE NHS FOUNDATION TRUST,8135,3975,48.9,732
2025-12-01,RRF,"WRIGHTINGTON, WIGAN AND LEIGH NHS FOUNDATION TRUST",8080,4018,49.7,453
2025-12-01,RTK,ASHFORD AND ST PETER'S HOSPITALS NHS FOUNDATION TRUST,7785,3874,49.8,359
2025-12-01,R0B,SOUTH TYNESIDE AND SUNDERLAND NHS FOUNDATION TRUST,11522,5759,50.0,4
2025-12-01,RH5,SOMERSET NHS FOUNDATION TRUST,11873,5971,50.3,132
2025-12-01,REM,LIVERPOOL UNIVERSITY HOSPITALS NHS FOUNDATION TRUST,15674,7889,50.3,1111
2025-12-01,RFS,CHESTERFIELD ROYAL HOSPITAL NHS FOUNDATION TRUST,6384,3219,50.4,385
2025-12-01,RJN,EAST CHESHIRE NHS TRUST,4450,2258,50.7,285
2025-12-01,RF4,"BARKING, HAVERING AND REDBRIDGE UNIVERSITY HOSPITALS NHS TRUST",13846,7101,51.3,840
2025-12-01,RTG,UNIVERSITY HOSPITALS OF DERBY AND BURTON NHS FOUNDATION TRUST,20794,10723,51.6,770
2025-12-01,RVV,EAST KENT HOSPITALS UNIVERSITY NHS FOUNDATION TRUST,14024,7230,51.6,1276
2025-12-01,RN3,GREAT WESTERN HOSPITALS NHS FOUNDATION TRUST,6312,3277,51.9,209
2025-12-01,REF,ROYAL CORNWALL HOSPITALS NHS TRUST,6695,3485,52.1,581
2025-12-01,RN5,HAMPSHIRE HOSPITALS NHS FOUNDATION TRUST,10601,5530,52.2,6
2025-12-01,RXL,BLACKPOOL TEACHING HOSPITALS NHS FOUNDATION TRUST,8841,4641,52.5,466
2025-12-01,RJ2,LEWISHAM AND GREENWICH NHS TRUST,16397,8629,52.6,674
2025-12-01,RJR,COUNTESS OF CHESTER HOSPITAL NHS FOUNDATION TRUST,5495,2895,52.7,634
2025-12-01,RTR,SOUTH TEES HOSPITALS NHS FOUNDATION TRUST,7786,4115,52.9,11
2025-12-01,R1H,BARTS HEALTH NHS TRUST,25706,13596,52.9,1088
2025-12-01,RXK,SANDWELL AND WEST BIRMINGHAM HOSPITALS NHS TRUST,11394,6040,53.0,422
2025-12-01,RDE,EAST SUFFOLK AND NORTH ESSEX NHS FOUNDATION TRUST,11399,6134,53.8,433
2025-12-01,RTP,SURREY AND SUSSEX HEALTHCARE NHS TRUST,10436,5699,54.6,727
2025-12-01,RH8,ROYAL DEVON UNIVERSITY HEALTHCARE NHS FOUNDATION TRUST,11950,6538,54.7,272
2025-12-01,RK5,SHERWOOD FOREST HOSPITALS NHS FOUNDATION TRUST,10530,5755,54.7,642
2025-12-01,RNN,NORTH CUMBRIA INTEGRATED CARE NHS FOUNDATION TRUST,8641,4773,55.2,338
2025-12-01,RR7,GATESHEAD HEALTH NHS FOUNDATION TRUST,6245,3452,55.3,2
2025-12-01,RGT,CAMBRIDGE UNIVERSITY HOSPITALS NHS FOUNDATION TRUST,10979,6180,56.3,420
2025-12-01,RTX,UNIVERSITY HOSPITALS OF MORECAMBE BAY NHS FOUNDATION TRUST,8766,4948,56.4,609
2025-12-01,R0D,UNIVERSITY HOSPITALS DORSET NHS FOUNDATION TRUST,14438,8140,56.4,395
2025-12-01,RXP,COUNTY DURHAM AND DARLINGTON NHS FOUNDATION TRUST,12861,7278,56.6,30
2025-12-01,RD1,ROYAL UNITED HOSPITALS BATH NHS FOUNDATION TRUST,9074,5142,56.7,137
2025-12-01,RJZ,KING'S COLLEGE HOSPITAL NHS FOUNDATION TRUST,15697,8937,56.9,722
2025-12-01,RKB,UNIVERSITY HOSPITALS COVENTRY AND WARWICKSHIRE NHS TRUST,12997,7447,57.3,14
2025-12-01,RA9,TORBAY AND SOUTH DEVON NHS FOUNDATION TRUST,6606,3794,57.4,56
2025-12-01,RXC,EAST SUSSEX HEALTHCARE NHS TRUST,9441,5432,57.5,70
2025-12-01,RBN,MERSEY AND WEST LANCASHIRE TEACHING HOSPITALS NHS TRUST,17740,10326,58.2,497
2025-12-01,RYJ,IMPERIAL COLLEGE HEALTHCARE NHS TRUST,12169,7111,58.4,0
2025-12-01,RM3,NORTHERN CARE ALLIANCE NHS FOUNDATION TRUST,26198,15310,58.4,1085
2025-12-01,RNA,THE DUDLEY GROUP NHS FOUNDATION TRUST,9815,5747,58.6,155
2025-12-01,RLQ,WYE VALLEY NHS TRUST,5847,3433,58.7,202
2025-12-01,RTD,THE NEWCASTLE UPON TYNE HOSPITALS NHS FOUNDATION TRUST,12604,7399,58.7,65
2025-12-01,RR8,LEEDS TEACHING HOSPITALS NHS TRUST,17518,10284,58.7,809
2025-12-01,RBD,DORSET COUNTY HOSPITAL NHS FOUNDATION TRUST,4536,2668,58.8,63
2025-12-01,RRK,UNIVERSITY HOSPITALS BIRMINGHAM NHS FOUNDATION TRUST,33408,19653,58.8,1269
2025-12-01,RNS,NORTHAMPTON GENERAL HOSPITAL NHS TRUST,10580,6234,58.9,774
2025-12-01,RYR,UNIVERSITY HOSPITALS SUSSEX NHS FOUNDATION TRUST,27283,16057,58.9,718
2025-12-01,RXQ,BUCKINGHAMSHIRE HEALTHCARE NHS TRUST,9649,5711,59.2,204
2025-12-01,RCX,"THE QUEEN ELIZABETH HOSPITAL, KING'S LYNN, NHS FOUNDATION TRUST",6527,3871,59.3,160
2025-12-01,RPA,MEDWAY NHS FOUNDATION TRUST,9720,5797,59.6,680
2025-12-01,RWJ,STOCKPORT NHS FOUNDATION TRUST,8034,4808,59.8,438
2025-12-01,RWD,UNITED LINCOLNSHIRE TEACHING HOSPITALS NHS TRUST,17127,10264,59.9,1081
2025-12-01,RDU,FRIMLEY HEALTH NHS FOUNDATION TRUST,22507,13538,60.2,351
2025-12-01,RD8,MILTON KEYNES UNIVERSITY HOSPITAL NHS FOUNDATION TRUST,7749,4683,60.4,0
2025-12-01,RP5,DONCASTER AND BASSETLAW TEACHING HOSPITALS NHS FOUNDATION TRUST,13497,8159,60.5,235
2025-12-01,RAJ,MID AND SOUTH ESSEX NHS FOUNDATION TRUST,27713,16889,60.9,869
2025-12-01,RL4,THE ROYAL WOLVERHAMPTON NHS TRUST,10941,6677,61.0,530
2025-12-01,RXF,MID YORKSHIRE TEACHING NHS TRUST,16288,9938,61.0,315
2025-12-01,RBK,WALSALL HEALTHCARE NHS TRUST,9994,6125,61.3,620
2025-12-01,R1F,ISLE OF WIGHT NHS TRUST,4274,2637,61.7,162
2025-12-01,RHU,PORTSMOUTH HOSPITALS UNIVERSITY NHS TRUST,10779,6660,61.8,1033
2025-12-01,RNQ,KETTERING GENERAL HOSPITAL NHS FOUNDATION TRUST,10450,6470,61.9,481
2025-12-01,RGN,NORTH WEST ANGLIA NHS FOUNDATION TRUST,15671,9703,61.9,865
2025-12-01,RHM,UNIVERSITY HOSPITAL SOUTHAMPTON NHS FOUNDATION TRUST,11758,7299,62.1,11
2025-12-01,R0A,MANCHESTER UNIVERSITY NHS FOUNDATION TRUST,26603,16535,62.2,117
2025-12-01,RCF,AIREDALE NHS FOUNDATION TRUST,5866,3671,62.6,239
2025-12-01,RNZ,SALISBURY NHS FOUNDATION TRUST,4458,2797,62.7,101
2025-12-01,RA7,UNIVERSITY HOSPITALS BRISTOL AND WESTON NHS FOUNDATION TRUST,16151,10195,63.1,496
2025-12-01,RWE,UNIVERSITY HOSPITALS OF LEICESTER NHS TRUST,22050,13983,63.4,520
2025-12-01,RTE,GLOUCESTERSHIRE HOSPITALS NHS FOUNDATION TRUST,12939,8206,63.4,414
2025-12-01,RXN,LANCASHIRE TEACHING HOSPITALS NHS FOUNDATION TRUST,12275,7832,63.8,446
2025-12-01,RC9,BEDFORDSHIRE HOSPITALS NHS FOUNDATION TRUST,17035,10879,63.9,39
2025-12-01,RXR,EAST LANCASHIRE HOSPITALS NHS TRUST,13823,8960,64.8,1139
2025-12-01,RCD,HARROGATE AND DISTRICT NHS FOUNDATION TRUST,5262,3437,65.3,6
2025-12-01,RVJ,NORTH BRISTOL NHS TRUST,9074,5930,65.4,430
2025-12-01,RFR,THE ROTHERHAM NHS FOUNDATION TRUST,9857,6498,65.9,22
2025-12-01,RAL,ROYAL FREE LONDON NHS FOUNDATION TRUST,27408,18114,66.1,1921
2025-12-01,RHW,ROYAL BERKSHIRE NHS FOUNDATION TRUST,10977,7263,66.2,12
2025-12-01,RTH,OXFORD UNIVERSITY HOSPITALS NHS FOUNDATION TRUST,12246,8120,66.3,14
2025-12-01,RJ6,CROYDON HEALTH SERVICES NHS TRUST,13592,9027,66.4,691
2025-12-01,RVR,EPSOM AND ST HELIER UNIVERSITY HOSPITALS NHS TRUST,11581,7764,67.0,821
2025-12-01,RJ1,GUY'S AND ST THOMAS' NHS FOUNDATION TRUST,10381,6974,67.2,60
2025-12-01,RGR,WEST SUFFOLK NHS FOUNDATION TRUST,7850,5284,67.3,341
2025-12-01,RA2,ROYAL SURREY NHS FOUNDATION TRUST,6457,4396,68.1,10
2025-12-01,RGP,JAMES PAGET UNIVERSITY HOSPITALS NHS FOUNDATION TRUST,7283,4998,68.6,362
2025-12-01,RM1,NORFOLK AND NORWICH UNIVERSITY HOSPITALS NHS FOUNDATION TRUST,12638,8681,68.7,257
2025-12-01,RKE,WHITTINGTON HEALTH NHS TRUST,9136,6317,69.1,258
2025-12-01,RFF,BARNSLEY HOSPITAL NHS FOUNDATION TRUST,9266,6435,69.4,11
2025-12-01,RQW,THE PRINCESS ALEXANDRA HOSPITAL NHS TRUST,8104,5689,70.2,181
2025-12-01,RWG,WEST HERTFORDSHIRE TEACHING HOSPITALS NHS TRUST,8832,6255,70.8,27
2025-12-01,RQ3,BIRMINGHAM WOMEN'S AND CHILDREN'S NHS FOUNDATION TRUST,5169,3685,71.3,3
2025-12-01,RQM,CHELSEA AND WESTMINSTER HOSPITAL NHS FOUNDATION TRUST,19984,14301,71.6,51
2025-12-01,RTF,NORTHUMBRIA HEALTHCARE NHS FOUNDATION TRUST,10826,7790,72.0,0
2025-12-01,RRV,UNIVERSITY COLLEGE LONDON HOSPITALS NHS FOUNDATION TRUST,13329,9652,72.4,128
2025-12-01,RLT,GEORGE ELIOT HOSPITAL NHS TRUST,7185,5285,73.6,424
2025-12-01,RWF,MAIDSTONE AND TUNBRIDGE WELLS NHS TRUST,18605,13759,74.0,383
2025-12-01,RJ7,ST GEORGE'S UNIVERSITY HOSPITALS NHS FOUNDATION TRUST,8872,6600,74.4,457
2025-12-01,RJC,SOUTH WARWICKSHIRE UNIVERSITY NHS FOUNDATION TRUST,8104,6089,75.1,49
2025-12-01,RAE,BRADFORD TEACHING HOSPITALS NHS FOUNDATION TRUST,9699,7304,75.3,50
2025-12-01,RN7,DARTFORD AND GRAVESHAM NHS TRUST,11729,8848,75.4,342
2025-12-01,RWY,CALDERDALE AND HUDDERSFIELD NHS FOUNDATION TRUST,15746,12722,80.8,56
2025-12-01,RQX,HOMERTON HEALTHCARE NHS FOUNDATION TRUST,11082,9034,81.5,25
2025-12-01,RBS,ALDER HEY CHILDREN'S NHS FOUNDATION TRUST,6808,5719,84.0,0
2025-12-01,RCU,SHEFFIELD CHILDREN'S NHS FOUNDATION TRUST,4907,4320,88.0,0
2026-01-01,RFS,CHESTERFIELD ROYAL HOSPITAL NHS FOUNDATION TRUST,5497,1491,27.1,628
2026-01-01,RK9,UNIVERSITY HOSPITALS PLYMOUTH NHS TRUST,8852,3208,36.2,807
2026-01-01,RVW,NORTH TEES AND HARTLEPOOL NHS FOUNDATION TRUST,5067,1951,38.5,65
2026-01-01,RX1,NOTTINGHAM UNIVERSITY HOSPITALS NHS TRUST,12595,4879,38.7,1027
2026-01-01,RJN,EAST CHESHIRE NHS TRUST,4314,1760,40.8,384
2026-01-01,RAX,KINGSTON AND RICHMOND NHS FOUNDATION TRUST,7010,2879,41.1,667
2026-01-01,RJL,NORTHERN LINCOLNSHIRE AND GOOLE NHS FOUNDATION TRUST,9631,3984,41.4,1139
2026-01-01,RHQ,SHEFFIELD TEACHING HOSPITALS NHS FOUNDATION TRUST,9248,3839,41.5,16
2026-01-01,RWH,EAST AND NORTH HERTFORDSHIRE TEACHING NHS TRUST,9586,4004,41.8,334
2026-01-01,RBL,WIRRAL UNIVERSITY TEACHING HOSPITAL NHS FOUNDATION TRUST,7867,3306,42.0,1051
2026-01-01,RN5,HAMPSHIRE HOSPITALS NHS FOUNDATION TRUST,10362,4352,42.0,53
2026-01-01,RCB,YORK AND SCARBOROUGH TEACHING HOSPITALS NHS FOUNDATION TRUST,10943,4605,42.1,930
2026-01-01,R1K,LONDON NORTH WEST UNIVERSITY HEALTHCARE NHS TRUST,13710,5817,42.4,776
2026-01-01,RJE,UNIVERSITY HOSPITALS OF NORTH MIDLANDS NHS TRUST,14374,6216,43.2,1264
2026-01-01,RXW,THE SHREWSBURY AND TELFORD HOSPITAL NHS TRUST,10549,4557,43.2,1601
2026-01-01,RN3,GREAT WESTERN HOSPITALS NHS FOUNDATION TRUST,6337,2789,44.0,463
2026-01-01,RH5,SOMERSET NHS FOUNDATION TRUST,11844,5265,44.5,330
2026-01-01,REF,ROYAL CORNWALL HOSPITALS NHS TRUST,6796,3064,45.1,773
2026-01-01,RJ2,LEWISHAM AND GREENWICH NHS TRUST,16319,7359,45.1,943
2026-01-01,RRF,"WRIGHTINGTON, WIGAN AND LEIGH TEACHING HOSPITALS NHS FOUNDATION TRUST",7503,3395,45.2,567
2026-01-01,RJR,COUNTESS OF CHESTER HOSPITAL NHS FOUNDATION TRUST,5364,2430,45.3,865
2026-01-01,RMP,TAMESIDE AND GLOSSOP INTEGRATED CARE NHS FOUNDATION TRUST,8359,3798,45.4,904
2026-01-01,RTR,SOUTH TEES HOSPITALS NHS FOUNDATION TRUST,7582,3500,46.2,58
2026-01-01,RTK,ASHFORD AND ST PETER'S HOSPITALS NHS FOUNDATION TRUST,7877,3661,46.5,424
2026-01-01,RWA,HULL UNIVERSITY TEACHING HOSPITALS NHS TRUST,10124,4716,46.6,856
2026-01-01,R0B,SOUTH TYNESIDE AND SUNDERLAND NHS FOUNDATION TRUST,11310,5329,47.1,0
2026-01-01,RR7,GATESHEAD HEALTH NHS FOUNDATION TRUST,5916,2835,47.9,12
2026-01-01,RWW,WARRINGTON AND HALTON TEACHING HOSPITALS NHS FOUNDATION TRUST,6660,3210,48.2,1063
2026-01-01,REM,LIVERPOOL UNIVERSITY HOSPITALS NHS FOUNDATION TRUST,16038,7753,48.3,1485
2026-01-01,RWP,WORCESTERSHIRE ACUTE HOSPITALS NHS TRUST,13731,6779,49.4,1431
2026-01-01,RBT,MID CHESHIRE HOSPITALS NHS FOUNDATION TRUST,6966,3475,49.9,590
2026-01-01,RXL,BLACKPOOL TEACHING HOSPITALS NHS FOUNDATION TRUST,9001,4501,50.0,650
2026-01-01,RMC,BOLTON NHS FOUNDATION TRUST,8324,4170,50.1,531
2026-01-01,RAS,THE HILLINGDON HOSPITALS NHS FOUNDATION TRUST,5428,2718,50.1,34
2026-01-01,RD8,MILTON KEYNES UNIVERSITY HOSPITAL NHS FOUNDATION TRUST,8057,4060,50.4,0
2026-01-01,RXK,SANDWELL AND WEST BIRMINGHAM HOSPITALS NHS TRUST,11472,5817,50.7,645
2026-01-01,RF4,"BARKING, HAVERING AND REDBRIDGE UNIVERSITY HOSPITALS NHS TRUST",13676,6969,51.0,1361
2026-01-01,RTG,UNIVERSITY HOSPITALS OF DERBY AND BURTON NHS FOUNDATION TRUST,20357,10396,51.1,1544
2026-01-01,RNN,NORTH CUMBRIA INTEGRATED CARE NHS FOUNDATION TRUST,8906,4562,51.2,603
2026-01-01,RXC,EAST SUSSEX HEALTHCARE NHS TRUST,9503,4927,51.8,197
2026-01-01,RA9,TORBAY AND SOUTH DEVON NHS FOUNDATION TRUST,6524,3404,52.2,106
2026-01-01,RJZ,KING'S COLLEGE HOSPITAL NHS FOUNDATION TRUST,16373,8550,52.2,1145
2026-01-01,RDU,FRIMLEY HEALTH NHS FOUNDATION TRUST,23318,12201,52.3,743
2026-01-01,R0D,UNIVERSITY HOSPITALS DORSET NHS FOUNDATION TRUST,14299,7534,52.7,698
2026-01-01,RDE,EAST SUFFOLK AND NORTH ESSEX NHS FOUNDATION TRUST,11181,5914,52.9,744
2026-01-01,RGT,CAMBRIDGE UNIVERSITY HOSPITALS NHS FOUNDATION TRUST,11197,5979,53.4,729
2026-01-01,RH8,ROYAL DEVON UNIVERSITY HEALTHCARE NHS FOUNDATION TRUST,12593,6753,53.6,430
2026-01-01,RVV,EAST KENT HOSPITALS UNIVERSITY NHS FOUNDATION TRUST,13369,7197,53.8,1208
2026-01-01,RNZ,SALISBURY NHS FOUNDATION TRUST,4691,2528,53.9,171
2026-01-01,RD1,ROYAL UNITED HOSPITALS BATH NHS FOUNDATION TRUST,8979,4867,54.2,328
2026-01-01,RXP,COUNTY DURHAM AND DARLINGTON NHS FOUNDATION TRUST,12948,7044,54.4,45
2026-01-01,RCX,"THE QUEEN ELIZABETH HOSPITAL, KING'S LYNN, NHS FOUNDATION TRUST",6576,3579,54.4,229
2026-01-01,RWD,UNITED LINCOLNSHIRE TEACHING HOSPITALS NHS TRUST,17164,9421,54.9,1595
2026-01-01,R1H,BARTS HEALTH NHS TRUST,26186,14401,55.0,1352
2026-01-01,RTP,SURREY AND SUSSEX HEALTHCARE NHS TRUST,10034,5616,56.0,783
2026-01-01,RAJ,MID AND SOUTH ESSEX NHS FOUNDATION TRUST,26230,14831,56.5,951
2026-01-01,RKB,UNIVERSITY HOSPITALS COVENTRY AND WARWICKSHIRE NHS TRUST,12635,7158,56.7,8
2026-01-01,RRK,UNIVERSITY HOSPITALS BIRMINGHAM NHS FOUNDATION TRUST,33649,19135,56.9,2076
2026-01-01,RWJ,STOCKPORT NHS FOUNDATION TRUST,8068,4590,56.9,564
2026-01-01,RYJ,IMPERIAL COLLEGE HEALTHCARE NHS TRUST,12325,7022,57.0,0
2026-01-01,RPA,MEDWAY NHS FOUNDATION TRUST,9581,5484,57.2,869
2026-01-01,RTX,UNIVERSITY HOSPITALS OF MORECAMBE BAY NHS FOUNDATION TRUST,8705,4980,57.2,763
2026-01-01,RTD,THE NEWCASTLE UPON TYNE HOSPITALS NHS FOUNDATION TRUST,11948,6845,57.3,26
2026-01-01,RCF,AIREDALE NHS FOUNDATION TRUST,6127,3527,57.6,301
2026-01-01,RYR,UNIVERSITY HOSPITALS SUSSEX NHS FOUNDATION TRUST,27280,15777,57.8,1196
2026-01-01,RGN,NORTH WEST ANGLIA NHS FOUNDATION TRUST,15653,9041,57.8,1056
2026-01-01,R1F,ISLE OF WIGHT NHS TRUST,4083,2373,58.1,307
2026-01-01,RR8,LEEDS TEACHING HOSPITALS NHS TRUST,18079,10566,58.4,1030
2026-01-01,RBK,WALSALL HEALTHCARE NHS TRUST,9620,5634,58.6,729
2026-01-01,RLQ,WYE VALLEY NHS TRUST,6012,3522,58.6,275
2026-01-01,RP5,DONCASTER AND BASSETLAW TEACHING HOSPITALS NHS FOUNDATION TRUST,13844,8128,58.7,339
2026-01-01,R0A,MANCHESTER UNIVERSITY NHS FOUNDATION TRUST,26747,15796,59.1,188
2026-01-01,RA2,ROYAL SURREY NHS FOUNDATION TRUST,6755,3991,59.1,136
2026-01-01,RWE,UNIVERSITY HOSPITALS OF LEICESTER NHS TRUST,22688,13435,59.2,1017
2026-01-01,RNS,NORTHAMPTON GENERAL HOSPITAL NHS TRUST,10676,6343,59.4,923
2026-01-01,RK5,SHERWOOD FOREST HOSPITALS NHS FOUNDATION TRUST,11441,6810,59.5,689
2026-01-01,RXF,MID YORKSHIRE TEACHING NHS TRUST,16197,9655,59.6,1038
2026-01-01,RXQ,BUCKINGHAMSHIRE HEALTHCARE NHS TRUST,9621,5732,59.6,469
2026-01-01,RTE,GLOUCESTERSHIRE HOSPITALS NHS FOUNDATION TRUST,13205,7890,59.8,543
2026-01-01,RXN,LANCASHIRE TEACHING HOSPITALS NHS FOUNDATION TRUST,12016,7183,59.8,523
2026-01-01,RBD,DORSET COUNTY HOSPITAL NHS FOUNDATION TRUST,4499,2693,59.9,114
2026-01-01,RHU,PORTSMOUTH HOSPITALS UNIVERSITY NHS TRUST,10780,6480,60.1,1400
2026-01-01,RVJ,NORTH BRISTOL NHS TRUST,9077,5470,60.3,564
2026-01-01,RM3,NORTHERN CARE ALLIANCE NHS FOUNDATION TRUST,26583,16079,60.5,1610
2026-01-01,RNQ,KETTERING GENERAL HOSPITAL NHS FOUNDATION TRUST,10704,6523,60.9,647
2026-01-01,RC9,BEDFORDSHIRE HOSPITALS NHS FOUNDATION TRUST,17269,10535,61.0,92
2026-01-01,RHW,ROYAL BERKSHIRE NHS FOUNDATION TRUST,11180,6888,61.6,11
2026-01-01,RBN,MERSEY AND WEST LANCASHIRE TEACHING HOSPITALS NHS TRUST,17418,10722,61.6,573
2026-01-01,RNA,THE DUDLEY GROUP NHS FOUNDATION TRUST,9849,6099,61.9,117
2026-01-01,RL4,THE ROYAL WOLVERHAMPTON NHS TRUST,11174,6952,62.2,718
2026-01-01,RA7,UNIVERSITY HOSPITALS BRISTOL AND WESTON NHS FOUNDATION TRUST,15960,9949,62.3,793
2026-01-01,RJ1,GUY'S AND ST THOMAS' NHS FOUNDATION TRUST,10484,6576,62.7,59
2026-01-01,RHM,UNIVERSITY HOSPITAL SOUTHAMPTON NHS FOUNDATION TRUST,11380,7198,63.3,11
2026-01-01,RFF,BARNSLEY HOSPITAL NHS FOUNDATION TRUST,9365,5936,63.4,19
2026-01-01,RJ6,CROYDON HEALTH SERVICES NHS TRUST,13686,8723,63.7,814
2026-01-01,RGR,WEST SUFFOLK NHS FOUNDATION TRUST,7780,4976,64.0,622
2026-01-01,RCD,HARROGATE AND DISTRICT NHS FOUNDATION TRUST,5166,3322,64.3,43
2026-01-01,RXR,EAST LANCASHIRE HOSPITALS NHS TRUST,13668,8826,64.6,1407
2026-01-01,RGP,JAMES PAGET UNIVERSITY HOSPITALS NHS FOUNDATION TRUST,7247,4714,65.0,417
2026-01-01,RAL,ROYAL FREE LONDON NHS FOUNDATION TRUST,27220,17705,65.0,2508
2026-01-01,RFR,THE ROTHERHAM NHS FOUNDATION TRUST,9772,6352,65.0,112
2026-01-01,RWG,WEST HERTFORDSHIRE TEACHING HOSPITALS NHS TRUST,8781,5746,65.4,14
2026-01-01,RM1,NORFOLK AND NORWICH UNIVERSITY HOSPITALS NHS FOUNDATION TRUST,12503,8248,66.0,555
2026-01-01,RJ7,ST GEORGE'S UNIVERSITY HOSPITALS NHS FOUNDATION TRUST,9068,6055,66.8,697
2026-01-01,RJC,SOUTH WARWICKSHIRE UNIVERSITY NHS FOUNDATION TRUST,8243,5515,66.9,235
2026-01-01,RTH,OXFORD UNIVERSITY HOSPITALS NHS FOUNDATION TRUST,12324,8371,67.9,23
2026-01-01,RLT,GEORGE ELIOT HOSPITAL NHS TRUST,7067,4799,67.9,568
2026-01-01,RRV,UNIVERSITY COLLEGE LONDON HOSPITALS NHS FOUNDATION TRUST,13308,9052,68.0,317
2026-01-01,RKE,WHITTINGTON HEALTH NHS TRUST,9222,6352,68.9,376
2026-01-01,RVR,EPSOM AND ST HELIER UNIVERSITY HOSPITALS NHS TRUST,11244,7804,69.4,913
2026-01-01,RQM,CHELSEA AND WESTMINSTER HOSPITAL NHS FOUNDATION TRUST,20360,14292,70.2,54
2026-01-01,RTF,NORTHUMBRIA HEALTHCARE NHS FOUNDATION TRUST,10331,7269,70.4,0
2026-01-01,RWF,MAIDSTONE AND TUNBRIDGE WELLS NHS TRUST,18969,13683,72.1,629
2026-01-01,RN7,DARTFORD AND GRAVESHAM NHS TRUST,11427,8385,73.4,502
2026-01-01,RQW,THE PRINCESS ALEXANDRA HOSPITAL NHS TRUST,8998,6744,74.9,322
2026-01-01,RAE,BRADFORD TEACHING HOSPITALS NHS FOUNDATION TRUST,9305,7161,77.0,83
2026-01-01,RQ3,BIRMINGHAM WOMEN'S AND CHILDREN'S NHS FOUNDATION TRUST,4501,3492,77.6,4
2026-01-01,RQX,HOMERTON HEALTHCARE NHS FOUNDATION TRUST,11326,8927,78.8,36
2026-01-01,RWY,CALDERDALE AND HUDDERSFIELD NHS FOUNDATION TRUST,15944,12974,81.4,145
2026-01-01,RBS,ALDER HEY CHILDREN'S NHS FOUNDATION TRUST,6012,5189,86.3,0
2026-01-01,RCU,SHEFFIELD CHILDREN'S NHS FOUNDATION TRUST,4169,3864,92.7,0
2026-02-01,RK9,UNIVERSITY HOSPITALS PLYMOUTH NHS TRUST,7807,2851,36.5,591
2026-02-01,RRF,"WRIGHTINGTON, WIGAN AND LEIGH TEACHING HOSPITALS NHS FOUNDATION TRUST",6165,2408,39.1,520
2026-02-01,RX1,NOTTINGHAM UNIVERSITY HOSPITALS NHS TRUST,11557,4781,41.4,1066
2026-02-01,REF,ROYAL CORNWALL HOSPITALS NHS TRUST,6239,2620,42.0,529
2026-02-01,RBT,MID CHESHIRE HOSPITALS NHS FOUNDATION TRUST,6395,2746,42.9,634
2026-02-01,RWH,EAST AND NORTH HERTFORDSHIRE TEACHING NHS TRUST,8724,3770,43.2,209
2026-02-01,RXW,THE SHREWSBURY AND TELFORD HOSPITAL NHS TRUST,9920,4358,43.9,1366
2026-02-01,RFS,CHESTERFIELD ROYAL HOSPITAL NHS FOUNDATION TRUST,6796,3002,44.2,523
2026-02-01,RJE,UNIVERSITY HOSPITALS OF NORTH MIDLANDS NHS TRUST,13322,5890,44.2,927
2026-02-01,RVW,NORTH TEES AND HARTLEPOOL NHS FOUNDATION TRUST,4547,2051,45.1,39
2026-02-01,RJN,EAST CHESHIRE NHS TRUST,3856,1751,45.4,470
2026-02-01,RCB,YORK AND SCARBOROUGH TEACHING HOSPITALS NHS FOUNDATION TRUST,10322,4708,45.6,406
2026-02-01,RMP,TAMESIDE AND GLOSSOP INTEGRATED CARE NHS FOUNDATION TRUST,7536,3462,45.9,706
2026-02-01,RBL,WIRRAL UNIVERSITY TEACHING HOSPITAL NHS FOUNDATION TRUST,6951,3210,46.2,758
2026-02-01,RWA,HULL UNIVERSITY TEACHING HOSPITALS NHS TRUST,8887,4117,46.3,410
2026-02-01,RAX,KINGSTON AND RICHMOND NHS FOUNDATION TRUST,6356,2943,46.3,467
2026-02-01,RWW,WARRINGTON AND HALTON TEACHING HOSPITALS NHS FOUNDATION TRUST,5982,2815,47.1,825
2026-02-01,RN3,GREAT WESTERN HOSPITALS NHS FOUNDATION TRUST,5608,2672,47.6,444
2026-02-01,RH5,SOMERSET NHS FOUNDATION TRUST,10507,5042,48.0,196
2026-02-01,RTK,ASHFORD AND ST PETER'S HOSPITALS NHS FOUNDATION TRUST,6942,3335,48.0,452
2026-02-01,RJR,COUNTESS OF CHESTER HOSPITAL NHS FOUNDATION TRUST,4892,2367,48.4,747
2026-02-01,RJ2,LEWISHAM AND GREENWICH NHS TRUST,14807,7182,48.5,703
2026-02-01,R0B,SOUTH TYNESIDE AND SUNDERLAND NHS FOUNDATION TRUST,10371,5057,48.8,1
2026-02-01,RN5,HAMPSHIRE HOSPITALS NHS FOUNDATION TRUST,9416,4597,48.8,18
2026-02-01,R1K,LONDON NORTH WEST UNIVERSITY HEALTHCARE NHS TRUST,12235,6021,49.2,374
2026-02-01,RTG,UNIVERSITY HOSPITALS OF DERBY AND BURTON NHS FOUNDATION TRUST,16670,8222,49.3,727
2026-02-01,RD8,MILTON KEYNES UNIVERSITY HOSPITAL NHS FOUNDATION TRUST,7474,3698,49.5,0
2026-02-01,RHQ,SHEFFIELD TEACHING HOSPITALS NHS FOUNDATION TRUST,8037,4007,49.9,4
2026-02-01,RA9,TORBAY AND SOUTH DEVON NHS FOUNDATION TRUST,6060,3046,50.3,74
2026-02-01,RTR,SOUTH TEES HOSPITALS NHS FOUNDATION TRUST,7009,3523,50.3,35
2026-02-01,REM,LIVERPOOL UNIVERSITY HOSPITALS NHS FOUNDATION TRUST,14733,7419,50.4,1234
2026-02-01,RXK,SANDWELL AND WEST BIRMINGHAM HOSPITALS NHS TRUST,10569,5441,51.5,448
2026-02-01,RTD,THE NEWCASTLE UPON TYNE HOSPITALS NHS FOUNDATION TRUST,10171,5245,51.6,63
2026-02-01,RMC,BOLTON NHS FOUNDATION TRUST,7382,3807,51.6,483
2026-02-01,RXL,BLACKPOOL TEACHING HOSPITALS NHS FOUNDATION TRUST,7953,4116,51.8,624
2026-02-01,RJL,NORTHERN LINCOLNSHIRE AND GOOLE NHS FOUNDATION TRUST,9527,5145,54.0,874
2026-02-01,RCX,"THE QUEEN ELIZABETH HOSPITAL, KING'S LYNN, NHS FOUNDATION TRUST",6151,3324,54.0,131
2026-02-01,RJZ,KING'S COLLEGE HOSPITAL NHS FOUNDATION TRUST,14307,7737,54.1,833
2026-02-01,RTX,UNIVERSITY HOSPITALS OF MORECAMBE BAY NHS FOUNDATION TRUST,7794,4249,54.5,766
2026-02-01,RGT,CAMBRIDGE UNIVERSITY HOSPITALS NHS FOUNDATION TRUST,10319,5647,54.7,558
2026-02-01,RWP,WORCESTERSHIRE ACUTE HOSPITALS NHS TRUST,12297,6742,54.8,1059
2026-02-01,R0D,UNIVERSITY HOSPITALS DORSET NHS FOUNDATION TRUST,13434,7365,54.8,454
2026-02-01,RVV,EAST KENT HOSPITALS UNIVERSITY NHS FOUNDATION TRUST,12507,6898,55.2,995
2026-02-01,RH8,ROYAL DEVON UNIVERSITY HEALTHCARE NHS FOUNDATION TRUST,11271,6234,55.3,298
2026-02-01,RNZ,SALISBURY NHS FOUNDATION TRUST,4191,2320,55.4,152
2026-02-01,RNN,NORTH CUMBRIA INTEGRATED CARE NHS FOUNDATION TRUST,8014,4445,55.5,378
2026-02-01,RD1,ROYAL UNITED HOSPITALS BATH NHS FOUNDATION TRUST,8288,4643,56.0,219
2026-02-01,RTP,SURREY AND SUSSEX HEALTHCARE NHS TRUST,9234,5183,56.1,593
2026-02-01,RLQ,WYE VALLEY NHS TRUST,5398,3034,56.2,234
2026-02-01,RCF,AIREDALE NHS FOUNDATION TRUST,5277,2970,56.3,262
2026-02-01,RYR,UNIVERSITY HOSPITALS SUSSEX NHS FOUNDATION TRUST,24026,13565,56.5,946
2026-02-01,RAJ,MID AND SOUTH ESSEX NHS FOUNDATION TRUST,24311,13748,56.6,1184
2026-02-01,RR7,GATESHEAD HEALTH NHS FOUNDATION TRUST,5310,3012,56.7,1
2026-02-01,RXC,EAST SUSSEX HEALTHCARE NHS TRUST,8832,5037,57.0,113
2026-02-01,RBD,DORSET COUNTY HOSPITAL NHS FOUNDATION TRUST,3844,2198,57.2,91
2026-02-01,RDE,EAST SUFFOLK AND NORTH ESSEX NHS FOUNDATION TRUST,10184,5842,57.4,559
2026-02-01,RAS,THE HILLINGDON HOSPITALS NHS FOUNDATION TRUST,4633,2664,57.5,18
2026-02-01,RXP,COUNTY DURHAM AND DARLINGTON NHS FOUNDATION TRUST,11451,6580,57.5,18
2026-02-01,RGN,NORTH WEST ANGLIA NHS FOUNDATION TRUST,14103,8119,57.6,921
2026-02-01,RKB,UNIVERSITY HOSPITALS COVENTRY AND WARWICKSHIRE NHS TRUST,11365,6568,57.8,14
2026-02-01,R1H,BARTS HEALTH NHS TRUST,24013,13894,57.9,1271
2026-02-01,RF4,"BARKING, HAVERING AND REDBRIDGE UNIVERSITY HOSPITALS NHS TRUST",12627,7346,58.2,628
2026-02-01,RRK,UNIVERSITY HOSPITALS BIRMINGHAM NHS FOUNDATION TRUST,30640,17820,58.2,1923
2026-02-01,RDU,FRIMLEY HEALTH NHS FOUNDATION TRUST,20751,12117,58.4,713
2026-02-01,RYJ,IMPERIAL COLLEGE HEALTHCARE NHS TRUST,11379,6734,59.2,0
2026-02-01,RM3,NORTHERN CARE ALLIANCE NHS FOUNDATION TRUST,23361,13862,59.3,1246
2026-02-01,RJ6,CROYDON HEALTH SERVICES NHS TRUST,12080,7178,59.4,685
2026-02-01,RXR,EAST LANCASHIRE HOSPITALS NHS TRUST,12044,7159,59.4,1059
2026-02-01,RWD,UNITED LINCOLNSHIRE TEACHING HOSPITALS NHS TRUST,16500,9799,59.4,1296
2026-02-01,RR8,LEEDS TEACHING HOSPITALS NHS TRUST,16690,9950,59.6,884
2026-02-01,RWE,UNIVERSITY HOSPITALS OF LEICESTER NHS TRUST,20546,12356,60.1,727
2026-02-01,RWJ,STOCKPORT NHS FOUNDATION TRUST,7049,4238,60.1,380
2026-02-01,R0A,MANCHESTER UNIVERSITY NHS FOUNDATION TRUST,24273,14632,60.3,83
2026-02-01,RBN,MERSEY AND WEST LANCASHIRE TEACHING HOSPITALS NHS TRUST,15685,9467,60.4,480
2026-02-01,RXN,LANCASHIRE TEACHING HOSPITALS NHS FOUNDATION TRUST,11011,6699,60.8,393
2026-02-01,RHU,PORTSMOUTH HOSPITALS UNIVERSITY NHS TRUST,9755,5945,60.9,1039
2026-02-01,RJ1,GUY'S AND ST THOMAS' NHS FOUNDATION TRUST,9456,5779,61.1,67
2026-02-01,RNS,NORTHAMPTON GENERAL HOSPITAL NHS TRUST,9778,5972,61.1,856
2026-02-01,RNQ,KETTERING GENERAL HOSPITAL NHS FOUNDATION TRUST,9960,6140,61.6,504
2026-02-01,RXF,MID YORKSHIRE TEACHING NHS TRUST,14874,9200,61.9,610
2026-02-01,RK5,SHERWOOD FOREST HOSPITALS NHS FOUNDATION TRUST,10460,6484,62.0,365
2026-02-01,RP5,DONCASTER AND BASSETLAW TEACHING HOSPITALS NHS FOUNDATION TRUST,12523,7801,62.3,202
2026-02-01,RTE,GLOUCESTERSHIRE HOSPITALS NHS FOUNDATION TRUST,11930,7441,62.4,510
2026-02-01,RXQ,BUCKINGHAMSHIRE HEALTHCARE NHS TRUST,8435,5270,62.5,321
2026-02-01,RPA,MEDWAY NHS FOUNDATION TRUST,8536,5400,63.3,817
2026-02-01,RA7,UNIVERSITY HOSPITALS BRISTOL AND WESTON NHS FOUNDATION TRUST,14252,9087,63.8,440
2026-02-01,RGR,WEST SUFFOLK NHS FOUNDATION TRUST,7170,4593,64.1,546
2026-02-01,RVJ,NORTH BRISTOL NHS TRUST,8262,5315,64.3,430
2026-02-01,RHW,ROYAL BERKSHIRE NHS FOUNDATION TRUST,10031,6445,64.3,52
2026-02-01,RC9,BEDFORDSHIRE HOSPITALS NHS FOUNDATION TRUST,15343,9959,64.9,65
2026-02-01,RL4,THE ROYAL WOLVERHAMPTON NHS TRUST,10403,6756,64.9,511
2026-02-01,RBK,WALSALL HEALTHCARE NHS TRUST,8964,5821,64.9,331
2026-02-01,R1F,ISLE OF WIGHT NHS TRUST,3551,2316,65.2,159
2026-02-01,RGP,JAMES PAGET UNIVERSITY HOSPITALS NHS FOUNDATION TRUST,6735,4416,65.6,358
2026-02-01,RNA,THE DUDLEY GROUP NHS FOUNDATION TRUST,8946,5883,65.8,178
2026-02-01,RJ7,ST GEORGE'S UNIVERSITY HOSPITALS NHS FOUNDATION TRUST,8228,5449,66.2,443
2026-02-01,RFR,THE ROTHERHAM NHS FOUNDATION TRUST,8770,5812,66.3,54
2026-02-01,RA2,ROYAL SURREY NHS FOUNDATION TRUST,6229,4132,66.3,8
2026-02-01,RAL,ROYAL FREE LONDON NHS FOUNDATION TRUST,24307,16235,66.8,1870
2026-02-01,RM1,NORFOLK AND NORWICH UNIVERSITY HOSPITALS NHS FOUNDATION TRUST,11506,7884,68.5,410
2026-02-01,RCD,HARROGATE AND DISTRICT NHS FOUNDATION TRUST,4569,3194,69.9,12
2026-02-01,RVR,EPSOM AND ST HELIER UNIVERSITY HOSPITALS NHS TRUST,10245,7200,70.3,732
2026-02-01,RHM,UNIVERSITY HOSPITAL SOUTHAMPTON NHS FOUNDATION TRUST,9612,6874,71.5,10
2026-02-01,RJC,SOUTH WARWICKSHIRE UNIVERSITY NHS FOUNDATION TRUST,7533,5398,71.7,87
2026-02-01,RQM,CHELSEA AND WESTMINSTER HOSPITAL NHS FOUNDATION TRUST,18241,13171,72.2,43
2026-02-01,RTF,NORTHUMBRIA HEALTHCARE NHS FOUNDATION TRUST,9593,6929,72.2,0
2026-02-01,RWG,WEST HERTFORDSHIRE TEACHING HOSPITALS NHS TRUST,7839,5688,72.6,29
2026-02-01,RTH,OXFORD UNIVERSITY HOSPITALS NHS FOUNDATION TRUST,10971,7969,72.6,0
2026-02-01,RKE,WHITTINGTON HEALTH NHS TRUST,8193,5981,73.0,269
2026-02-01,RRV,UNIVERSITY COLLEGE LONDON HOSPITALS NHS FOUNDATION TRUST,12017,8795,73.2,287
2026-02-01,RN7,DARTFORD AND GRAVESHAM NHS TRUST,10902,8023,73.6,344
2026-02-01,RQW,THE PRINCESS ALEXANDRA HOSPITAL NHS TRUST,7845,5782,73.7,286
2026-02-01,RFF,BARNSLEY HOSPITAL NHS FOUNDATION TRUST,8494,6392,75.3,1
2026-02-01,RLT,GEORGE ELIOT HOSPITAL NHS TRUST,6469,4891,75.6,269
2026-02-01,RWF,MAIDSTONE AND TUNBRIDGE WELLS NHS TRUST,16798,12704,75.6,373
2026-02-01,RQ3,BIRMINGHAM WOMEN'S AND CHILDREN'S NHS FOUNDATION TRUST,4440,3419,77.0,1
2026-02-01,RAE,BRADFORD TEACHING HOSPITALS NHS FOUNDATION TRUST,8619,6642,77.1,75
2026-02-01,RBS,ALDER HEY CHILDREN'S NHS FOUNDATION TRUST,5576,4462,80.0,0
2026-02-01,RWY,CALDERDALE AND HUDDERSFIELD NHS FOUNDATION TRUST,14380,11799,82.1,154
2026-02-01,RQX,HOMERTON HEALTHCARE NHS FOUNDATION TRUST,10173,8491,83.5,19
2026-02-01,RCU,SHEFFIELD CHILDREN'S NHS FOUNDATION TRUST,4002,3707,92.6,0
2026-03-01,RK9,UNIVERSITY HOSPITALS PLYMOUTH NHS TRUST,9053,3390,37.4,352
2026-03-01,RX1,NOTTINGHAM UNIVERSITY HOSPITALS NHS TRUST,13228,5906,44.6,1200
2026-03-01,RXW,THE SHREWSBURY AND TELFORD HOSPITAL NHS TRUST,11446,5165,45.1,1173
2026-03-01,RJE,UNIVERSITY HOSPITALS OF NORTH MIDLANDS NHS TRUST,15324,7136,46.6,820
2026-03-01,RBT,MID CHESHIRE HOSPITALS NHS FOUNDATION TRUST,7509,3563,47.4,665
2026-03-01,RN3,GREAT WESTERN HOSPITALS NHS FOUNDATION TRUST,6241,2991,47.9,436
2026-03-01,RBL,WIRRAL UNIVERSITY TEACHING HOSPITAL NHS FOUNDATION TRUST,8469,4087,48.3,626
2026-03-01,RJR,COUNTESS OF CHESTER HOSPITAL NHS FOUNDATION TRUST,5416,2657,49.1,778
2026-03-01,RJN,EAST CHESHIRE NHS TRUST,4365,2150,49.3,388
2026-03-01,RA9,TORBAY AND SOUTH DEVON NHS FOUNDATION TRUST,6842,3438,50.2,66
2026-03-01,RWA,HULL UNIVERSITY TEACHING HOSPITALS NHS TRUST,10114,5129,50.7,375
2026-03-01,RN5,HAMPSHIRE HOSPITALS NHS FOUNDATION TRUST,10649,5398,50.7,13
2026-03-01,RWH,EAST AND NORTH HERTFORDSHIRE TEACHING NHS TRUST,9208,4686,50.9,65
2026-03-01,REF,ROYAL CORNWALL HOSPITALS NHS TRUST,6938,3547,51.1,467
2026-03-01,RJ2,LEWISHAM AND GREENWICH NHS TRUST,16974,8746,51.5,487
2026-03-01,RWW,WARRINGTON AND HALTON TEACHING HOSPITALS NHS FOUNDATION TRUST,7065,3653,51.7,909
2026-03-01,RH5,SOMERSET NHS FOUNDATION TRUST,12117,6310,52.1,73
2026-03-01,RHQ,SHEFFIELD TEACHING HOSPITALS NHS FOUNDATION TRUST,8916,4695,52.7,10
2026-03-01,RVW,NORTH TEES AND HARTLEPOOL NHS FOUNDATION TRUST,5064,2725,53.8,1
2026-03-01,REM,LIVERPOOL UNIVERSITY HOSPITALS NHS FOUNDATION TRUST,16352,8860,54.2,1124
2026-03-01,RTR,SOUTH TEES HOSPITALS NHS FOUNDATION TRUST,7762,4238,54.6,6
2026-03-01,RNZ,SALISBURY NHS FOUNDATION TRUST,4875,2661,54.6,147
2026-03-01,RTP,SURREY AND SUSSEX HEALTHCARE NHS TRUST,10583,5805,54.9,724
2026-03-01,RJL,NORTHERN LINCOLNSHIRE AND GOOLE NHS FOUNDATION TRUST,10855,5954,54.9,715
2026-03-01,RFS,CHESTERFIELD ROYAL HOSPITAL NHS FOUNDATION TRUST,7179,3945,55.0,82
2026-03-01,RF4,"BARKING, HAVERING AND REDBRIDGE UNIVERSITY HOSPITALS NHS TRUST",13844,7744,55.9,608
2026-03-01,RLQ,WYE VALLEY NHS TRUST,6134,3455,56.3,234
2026-03-01,RTG,UNIVERSITY HOSPITALS OF DERBY AND BURTON NHS FOUNDATION TRUST,21011,11833,56.3,455
2026-03-01,RTX,UNIVERSITY HOSPITALS OF MORECAMBE BAY NHS FOUNDATION TRUST,8736,4926,56.4,654
2026-03-01,RMC,BOLTON NHS FOUNDATION TRUST,8619,4866,56.5,374
2026-03-01,RAX,KINGSTON AND RICHMOND NHS FOUNDATION TRUST,7582,4286,56.5,310
2026-03-01,RR7,GATESHEAD HEALTH NHS FOUNDATION TRUST,6012,3403,56.6,2
2026-03-01,RCB,YORK AND SCARBOROUGH TEACHING HOSPITALS NHS FOUNDATION TRUST,12231,6935,56.7,237
2026-03-01,RNN,NORTH CUMBRIA INTEGRATED CARE NHS FOUNDATION TRUST,9401,5326,56.7,346
2026-03-01,RTK,ASHFORD AND ST PETER'S HOSPITALS NHS FOUNDATION TRUST,7809,4435,56.8,311
2026-03-01,RDE,EAST SUFFOLK AND NORTH ESSEX NHS FOUNDATION TRUST,11646,6626,56.9,548
2026-03-01,RVV,EAST KENT HOSPITALS UNIVERSITY NHS FOUNDATION TRUST,15073,8634,57.3,1037
2026-03-01,RXK,SANDWELL AND WEST BIRMINGHAM HOSPITALS NHS TRUST,11478,6579,57.3,612
2026-03-01,RRF,"WRIGHTINGTON, WIGAN AND LEIGH TEACHING HOSPITALS NHS FOUNDATION TRUST",6876,3956,57.5,407
2026-03-01,RAS,THE HILLINGDON HOSPITALS NHS FOUNDATION TRUST,5375,3098,57.6,14
2026-03-01,RCX,"THE QUEEN ELIZABETH HOSPITAL, KING'S LYNN, NHS FOUNDATION TRUST",7041,4068,57.8,108
2026-03-01,RGT,CAMBRIDGE UNIVERSITY HOSPITALS NHS FOUNDATION TRUST,11693,6787,58.0,404
2026-03-01,RMP,TAMESIDE AND GLOSSOP INTEGRATED CARE NHS FOUNDATION TRUST,8602,4996,58.1,269
2026-03-01,RTD,THE NEWCASTLE UPON TYNE HOSPITALS NHS FOUNDATION TRUST,11211,6549,58.4,11
2026-03-01,R0D,UNIVERSITY HOSPITALS DORSET NHS FOUNDATION TRUST,15604,9207,59.0,501
2026-03-01,RWP,WORCESTERSHIRE ACUTE HOSPITALS NHS TRUST,14334,8529,59.5,835
2026-03-01,RAJ,MID AND SOUTH ESSEX NHS FOUNDATION TRUST,28522,17063,59.8,793
2026-03-01,RJ1,GUY'S AND ST THOMAS' NHS FOUNDATION TRUST,10703,6417,60.0,69
2026-03-01,RYR,UNIVERSITY HOSPITALS SUSSEX NHS FOUNDATION TRUST,27989,16858,60.2,1005
2026-03-01,RJZ,KING'S COLLEGE HOSPITAL NHS FOUNDATION TRUST,16182,9742,60.2,661
2026-03-01,RRK,UNIVERSITY HOSPITALS BIRMINGHAM NHS FOUNDATION TRUST,34602,20942,60.5,1511
2026-03-01,RBD,DORSET COUNTY HOSPITAL NHS FOUNDATION TRUST,4613,2822,61.2,92
2026-03-01,RXP,COUNTY DURHAM AND DARLINGTON NHS FOUNDATION TRUST,13246,8116,61.3,10
2026-03-01,RH8,ROYAL DEVON UNIVERSITY HEALTHCARE NHS FOUNDATION TRUST,13587,8323,61.3,172
2026-03-01,R1H,BARTS HEALTH NHS TRUST,26064,15988,61.3,1207
2026-03-01,RWJ,STOCKPORT NHS FOUNDATION TRUST,8104,5002,61.7,258
2026-03-01,RKB,UNIVERSITY HOSPITALS COVENTRY AND WARWICKSHIRE NHS TRUST,13287,8264,62.2,11
2026-03-01,RA7,UNIVERSITY HOSPITALS BRISTOL AND WESTON NHS FOUNDATION TRUST,16839,10499,62.3,529
2026-03-01,RD1,ROYAL UNITED HOSPITALS BATH NHS FOUNDATION TRUST,9444,5916,62.6,85
2026-03-01,RGN,NORTH WEST ANGLIA NHS FOUNDATION TRUST,15848,10093,63.7,945
2026-03-01,RWE,UNIVERSITY HOSPITALS OF LEICESTER NHS TRUST,23461,14971,63.8,592
2026-03-01,RXL,BLACKPOOL TEACHING HOSPITALS NHS FOUNDATION TRUST,8417,5395,64.1,261
2026-03-01,RNQ,KETTERING GENERAL HOSPITAL NHS FOUNDATION TRUST,11623,7460,64.2,560
2026-03-01,RXF,MID YORKSHIRE TEACHING NHS TRUST,16635,10695,64.3,308
2026-03-01,RYJ,IMPERIAL COLLEGE HEALTHCARE NHS TRUST,12422,7984,64.3,0
2026-03-01,RBN,MERSEY AND WEST LANCASHIRE TEACHING HOSPITALS NHS TRUST,18055,11648,64.5,514
2026-03-01,RVJ,NORTH BRISTOL NHS TRUST,9545,6159,64.5,576
2026-03-01,RTE,GLOUCESTERSHIRE HOSPITALS NHS FOUNDATION TRUST,14347,9264,64.6,489
2026-03-01,R0B,SOUTH TYNESIDE AND SUNDERLAND NHS FOUNDATION TRUST,11540,7481,64.8,0
2026-03-01,RXC,EAST SUSSEX HEALTHCARE NHS TRUST,9990,6479,64.9,58
2026-03-01,RCF,AIREDALE NHS FOUNDATION TRUST,5874,3814,64.9,428
2026-03-01,RL4,THE ROYAL WOLVERHAMPTON NHS TRUST,11409,7409,64.9,604
2026-03-01,RM3,NORTHERN CARE ALLIANCE NHS FOUNDATION TRUST,27062,17658,65.3,1124
2026-03-01,RGP,JAMES PAGET UNIVERSITY HOSPITALS NHS FOUNDATION TRUST,7717,5039,65.3,427
2026-03-01,RR8,LEEDS TEACHING HOSPITALS NHS TRUST,18894,12373,65.5,564
2026-03-01,RXN,LANCASHIRE TEACHING HOSPITALS NHS FOUNDATION TRUST,12102,7995,66.1,368
2026-03-01,RHW,ROYAL BERKSHIRE NHS FOUNDATION TRUST,11568,7662,66.2,28
2026-03-01,RHU,PORTSMOUTH HOSPITALS UNIVERSITY NHS TRUST,11058,7322,66.2,901
2026-03-01,R0A,MANCHESTER UNIVERSITY NHS FOUNDATION TRUST,26982,17925,66.4,53
2026-03-01,R1K,LONDON NORTH WEST UNIVERSITY HEALTHCARE NHS TRUST,13819,9223,66.7,408
2026-03-01,RA2,ROYAL SURREY NHS FOUNDATION TRUST,7269,4873,67.0,15
2026-03-01,RD8,MILTON KEYNES UNIVERSITY HOSPITAL NHS FOUNDATION TRUST,8309,5579,67.1,0
2026-03-01,RDU,FRIMLEY HEALTH NHS FOUNDATION TRUST,23737,16182,68.2,637
2026-03-01,R1F,ISLE OF WIGHT NHS TRUST,4228,2901,68.6,196
2026-03-01,RXQ,BUCKINGHAMSHIRE HEALTHCARE NHS TRUST,9559,6568,68.7,249
2026-03-01,RNS,NORTHAMPTON GENERAL HOSPITAL NHS TRUST,11112,7659,68.9,767
2026-03-01,RJ7,ST GEORGE'S UNIVERSITY HOSPITALS NHS FOUNDATION TRUST,8727,6030,69.1,476
2026-03-01,RFR,THE ROTHERHAM NHS FOUNDATION TRUST,9778,6752,69.1,40
2026-03-01,RPA,MEDWAY NHS FOUNDATION TRUST,9858,6820,69.2,671
2026-03-01,RWD,UNITED LINCOLNSHIRE TEACHING HOSPITALS NHS TRUST,18625,12898,69.3,1132
2026-03-01,RXR,EAST LANCASHIRE HOSPITALS NHS TRUST,13923,9655,69.3,977
2026-03-01,RC9,BEDFORDSHIRE HOSPITALS NHS FOUNDATION TRUST,17712,12286,69.4,15
2026-03-01,RK5,SHERWOOD FOREST HOSPITALS NHS FOUNDATION TRUST,11782,8234,69.9,277
2026-03-01,RHM,UNIVERSITY HOSPITAL SOUTHAMPTON NHS FOUNDATION TRUST,12105,8504,70.3,11
2026-03-01,RP5,DONCASTER AND BASSETLAW TEACHING HOSPITALS NHS FOUNDATION TRUST,14337,10123,70.6,95
2026-03-01,RAL,ROYAL FREE LONDON NHS FOUNDATION TRUST,27033,19205,71.0,1771
2026-03-01,RJ6,CROYDON HEALTH SERVICES NHS TRUST,13405,9564,71.3,678
2026-03-01,RVR,EPSOM AND ST HELIER UNIVERSITY HOSPITALS NHS TRUST,11779,8480,72.0,764
2026-03-01,RTH,OXFORD UNIVERSITY HOSPITALS NHS FOUNDATION TRUST,12638,9115,72.1,5
2026-03-01,RCD,HARROGATE AND DISTRICT NHS FOUNDATION TRUST,5284,3830,72.5,10
2026-03-01,RQM,CHELSEA AND WESTMINSTER HOSPITAL NHS FOUNDATION TRUST,20446,14894,72.8,45
2026-03-01,RM1,NORFOLK AND NORWICH UNIVERSITY HOSPITALS NHS FOUNDATION TRUST,13490,9864,73.1,261
2026-03-01,RQW,THE PRINCESS ALEXANDRA HOSPITAL NHS TRUST,8912,6542,73.4,177
2026-03-01,RKE,WHITTINGTON HEALTH NHS TRUST,9319,6943,74.5,237
2026-03-01,RGR,WEST SUFFOLK NHS FOUNDATION TRUST,8114,6103,75.2,329
2026-03-01,RAE,BRADFORD TEACHING HOSPITALS NHS FOUNDATION TRUST,9453,7105,75.2,85
2026-03-01,RN7,DARTFORD AND GRAVESHAM NHS TRUST,12229,9263,75.7,497
2026-03-01,RQ3,BIRMINGHAM WOMEN'S AND CHILDREN'S NHS FOUNDATION TRUST,5150,3944,76.6,2
2026-03-01,RWF,MAIDSTONE AND TUNBRIDGE WELLS NHS TRUST,19931,15520,77.9,131
2026-03-01,RJC,SOUTH WARWICKSHIRE UNIVERSITY NHS FOUNDATION TRUST,8644,6836,79.1,132
2026-03-01,RTF,NORTHUMBRIA HEALTHCARE NHS FOUNDATION TRUST,11038,8800,79.7,0
2026-03-01,RNA,THE DUDLEY GROUP NHS FOUNDATION TRUST,10359,8295,80.1,40
2026-03-01,RRV,UNIVERSITY COLLEGE LONDON HOSPITALS NHS FOUNDATION TRUST,13996,11213,80.1,66
2026-03-01,RFF,BARNSLEY HOSPITAL NHS FOUNDATION TRUST,9452,7609,80.5,0
2026-03-01,RBK,WALSALL HEALTHCARE NHS TRUST,9801,7973,81.3,106
2026-03-01,RWG,WEST HERTFORDSHIRE TEACHING HOSPITALS NHS TRUST,8750,7166,81.9,33
2026-03-01,RBS,ALDER HEY CHILDREN'S NHS FOUNDATION TRUST,6640,5543,83.5,0
2026-03-01,RQX,HOMERTON HEALTHCARE NHS FOUNDATION TRUST,11459,9751,85.1,22
2026-03-01,RWY,CALDERDALE AND HUDDERSFIELD NHS FOUNDATION TRUST,16023,14066,87.8,34
2026-03-01,RLT,GEORGE ELIOT HOSPITAL NHS TRUST,7478,6644,88.8,92
2026-03-01,RCU,SHEFFIELD CHILDREN'S NHS FOUNDATION TRUST,4720,4618,97.8,0
